date,id_bike,trip_time,distance,max_speed,velocity,odo,ride_time
2019-10-01,1,0.703333333333333,21.36,41,30.3696682464455,21.36,0.703333333333333
2019-10-02,1,0.819444444444444,26.12,43.3,31.8752542372882,47.48,1.52277777777778
2019-10-03,1,0.323333333333333,5.58,38,17.2577319587629,53.06,1.84611111111111
2019-10-05,1,0.557777777777778,17.18,42.4,30.800796812749,70.24,2.40388888888889
2019-10-07,1,1.05,31.01,42.2,29.5333333333333,101.25,3.45388888888889
2019-10-16,1,1.27611111111111,29.5,43.8,23.1171092729648,130.75,4.73
2019-10-17,1,1.55166666666667,28.44,53,18.328678839957,159.19,6.28166666666667
2019-10-25,1,1.01305555555556,19.89,38.8,19.6336715108307,179.08,7.29472222222223
2019-10-31,1,0.931111111111111,29.61,43.7,31.8007159904535,208.69,8.22583333333334
2019-11-02,1,0.369166666666667,6.75,34.7,18.2844243792325,215.44,8.59500000000001
2019-11-05,1,0.520277777777778,15.54,40.8,29.8686599038975,230.98,9.11527777777778
2019-11-11,1,2.48916666666667,47.12,63.4,18.9300301305658,278.1,11.6044444444445
2019-11-17,1,2.73277777777778,58.04,67.8,21.2384631022565,336.14,14.3372222222222
2019-11-24,1,0.185555555555556,2.94,25.5,15.8443113772455,339.08,14.5227777777778
2019-11-25,1,0.415277777777778,6.91,37.9,16.6394648829431,345.99,14.9380555555556
2019-11-26,1,1.16305555555556,21.68,40.9,18.6405540960114,367.67,16.1011111111111
2019-11-27,1,0.850277777777778,16.17,41.3,19.0173146030709,383.84,16.9513888888889
2019-12-08,1,3.71972222222222,102.4,70.8,27.5289373459787,486.24,20.6711111111111
2020-01-16,1,0.575277777777778,17.24,42.7,30.5238744884038,550.15,22.6875
2020-01-16,1,0.626666666666667,21.81,49.2,30.5238744884038,550.15,22.6875
2020-01-16,1,0.814444444444445,24.86,45.3,30.5238744884038,550.15,22.6875
2020-01-25,1,0.595555555555556,20.23,45.8,33.9682835820895,570.38,23.2830555555556
2020-01-29,1,1.06305555555556,35.49,46.4,33.3848967859941,605.87,24.3461111111111
2020-02-01,1,2.73333333333333,42.55,68.2,15.5670731707317,648.42,27.0794444444445
2020-02-07,1,1.91361111111111,34.48,51.7,18.0182900275802,682.9,28.9930555555556
2020-02-09,1,2.64777777777778,40.63,43.1,15.3449433487201,723.53,31.6408333333334
2020-02-28,1,1.57222222222222,29.92,52.5,19.0303886925795,753.45,33.2130555555556
2020-04-08,1,0.956388888888889,19.76,43.8,20.6610514086552,773.21,34.1694444444445
2020-04-17,1,2.09138888888889,43.85,47.9,20.9669278788684,817.06,36.2608333333334
2020-05-05,1,1.00583333333333,22.51,45.5,22.3794531897267,839.57,37.2666666666667
2020-05-06,1,1,25.06,45.7,25.06,864.63,38.2666666666667
2020-05-07,1,1.5,32.22,39,21.48,896.85,39.7666666666667
2020-05-08,1,1,13.9,20,13.9,910.75,40.7666666666667
2020-05-09,1,2,25.21,27.4,12.605,935.96,42.7666666666667
2020-05-10,1,2,24.09,17,12.045,960.05,44.7666666666667
2020-05-11,1,1.5,15.94,15.1,10.6266666666667,975.99,46.2666666666667
2020-05-13,1,1.5,16.8,15.4,11.2,992.79,47.7666666666667
2020-05-14,1,1.5,15.75,16.4,10.5,1008.54,49.2666666666667
2020-05-15,1,1.5,14.39,21.5,9.59333333333333,1022.93,50.7666666666667
2020-05-16,1,2,19.24,14.5,9.62,1042.17,52.7666666666667
2020-05-17,1,2,19.56,14.8,9.78,1061.73,54.7666666666667
2020-05-18,1,2,19.13,19.9,9.565,1080.86,56.7666666666667
2020-05-19,1,2,17.91,13.9,8.955,1098.77,58.7666666666667
2020-05-20,1,2,20.6,15,10.3,1119.37,60.7666666666667
2020-05-21,1,1.5,16.33,21.9,10.8866666666667,1135.7,62.2666666666667
2020-05-22,1,2,21.82,16.4,10.91,1157.52,64.2666666666667
2020-05-23,1,2,22.83,19.3,11.415,1180.35,66.2666666666667
2020-05-24,1,1.5,20.04,23.2,13.36,1200.39,67.7666666666667
2020-05-25,1,2,25.06,27.8,12.53,1225.45,69.7666666666667
2020-05-26,1,2,24.86,20.6,12.43,1250.31,71.7666666666667
2020-05-27,1,2,25.89,28,12.945,1276.2,73.7666666666667
2020-05-28,1,2,23.59,20.9,11.795,1299.79,75.7666666666667
2020-05-29,1,2,24.78,18.1,12.39,1324.57,77.7666666666667
2020-05-31,1,2,22.86,15.6,11.43,1347.43,79.7666666666667
2020-06-01,1,1.99972222222222,24,22,12.0016668981803,1371.43,81.7663888888889
2020-06-03,1,1.99972222222222,26,23,13.001805806362,1397.43,83.7661111111111
2020-06-04,1,1,15,19,15,1412.43,84.7661111111111
2020-06-05,1,1.99972222222222,25,19,12.5017363522712,1437.43,86.7658333333333
2020-06-06,1,1.99972222222222,27,21,13.5018752604529,1464.43,88.7655555555556
2020-06-07,1,1,14,21,14,1478.43,89.7655555555556
2020-06-08,1,1.99972222222222,30,27,15.0020836227254,1508.43,91.7652777777778
2020-06-09,1,1.99972222222222,29,24,14.5020141686345,1537.43,93.765
2020-06-10,1,1.99972222222222,29,23,14.5020141686345,1566.43,95.7647222222222
2020-06-11,1,1.99972222222222,30,28,15.0020836227254,1596.43,97.7644444444444
2020-06-12,1,1.99972222222222,30,24,15.0020836227254,1626.43,99.7641666666666
2020-06-13,1,1.99972222222222,27,21,13.5018752604529,1653.43,101.763888888889
2020-06-14,1,1.99972222222222,30,27,15.0020836227254,1683.43,103.763611111111
2020-06-15,1,1.99972222222222,31,30,15.5021530768162,1714.43,105.763333333333
2020-06-16,1,1.99972222222222,30,29,15.0020836227254,1744.43,107.763055555556
2020-06-17,1,1.99972222222222,29,29,14.5020141686345,1773.43,109.762777777778
2020-06-18,1,1.99972222222222,29,22,14.5020141686345,1802.43,111.7625
2020-06-19,1,1.99972222222222,28,34,14.0019447145437,1830.43,113.762222222222
2020-06-20,1,0.770277777777778,9,59,11.6840966462315,1839.43,114.5325
2020-06-22,1,1.89944444444444,28,63,14.741152383738,1867.43,116.431944444444
2020-06-23,1,1.99972222222222,34,28,17.0023614390888,1901.43,118.431666666667
2020-06-24,1,3.30666666666667,47,63,14.2137096774193,1948.43,121.738333333333
2020-06-25,1,1,14,19,14,1962.43,122.738333333333
2020-06-26,1,1.5,24,29,16,1986.43,124.238333333333
2020-06-27,1,2.75888888888889,62,70,22.4728151429722,2048.43,126.997222222222
2020-06-28,1,4.21,84,56,19.9524940617577,2132.43,131.207222222222
2020-06-30,1,1.5,20,33,13.3333333333333,2152.43,132.707222222222
2020-07-04,1,2.31722222222222,43,65,18.5567010309279,2195.43,135.024444444444
2020-07-07,1,2.13166666666667,38,70,17.8264268960125,2233.43,137.156111111111
2020-07-09,1,2.29861111111111,41,64,17.8368580060423,2274.43,139.454722222222
2020-07-11,1,2.19916666666667,40,67,18.1887078438802,2314.43,141.653888888889
2020-07-14,1,2.47666666666667,38,65,15.343203230148,2352.43,144.130555555555
2020-07-16,1,1.94638888888889,38,67,19.5233338090481,2390.43,146.076944444444
2020-07-18,1,1.00138888888889,15,36,14.9791955617198,2405.43,147.078333333333
2020-07-19,1,1,14,21,14,2419.43,148.078333333333
2020-07-20,1,1,15,24,15,2434.43,149.078333333333
2020-07-21,1,3.12416666666667,56,72,17.9247799413177,2490.43,152.2025
2020-07-22,1,2.57944444444444,47,67,18.2209778160672,2537.43,154.781944444444
2020-07-24,1,1,21,45,21,2558.43,155.781944444444
2020-07-25,1,1,19,28,19,2577.43,156.781944444444
2020-07-26,1,1,22,36,22,2599.43,157.781944444444
2020-07-28,1,1.50027777777778,31,35,20.662840214775,2630.43,159.282222222222
2020-07-30,1,2.25527777777778,71,67,31.4817095701441,2701.43,161.5375
2020-08-01,1,1,24,48,24,2725.43,162.5375
2020-08-02,1,1,20,33,20,2745.43,163.5375
2020-08-04,1,1.21861111111111,23,51,18.8739457488033,2768.43,164.756111111111
2020-08-05,1,1.89916666666667,46,74,24.2211496270294,2814.43,166.655277777778
2020-08-09,1,1.50027777777778,34,37,22.662469912979,2848.43,168.155555555555
2020-08-10,1,2.545,47,69,18.467583497053,2895.43,170.700555555555
2020-08-11,1,1,23,45,23,2918.43,171.700555555555
2020-08-13,1,2.06027777777778,38,69,18.4441148712417,2956.43,173.760833333333
2020-08-15,1,1.08333333333333,18,24,16.6153846153847,2974.43,174.844166666667
2020-08-16,1,1,20,30,20,2994.43,175.844166666667
2020-08-17,1,1,16,30,16,3010.43,176.844166666667
2020-08-19,1,2.13333333333333,39,58,18.28125,3049.43,178.9775
2020-08-22,1,3.44694444444444,100,68,29.0112015472641,3149.43,182.424444444444
2020-08-25,1,2.63111111111111,62,69,23.5641891891892,3211.43,185.055555555555
2020-08-28,1,1.82305555555556,35,67,19.1985372543044,3246.43,186.878611111111
2020-08-30,1,2.65527777777778,64,69,24.1029396380374,3310.43,189.533888888889
2020-08-31,1,2.38138888888889,35,36,14.6973054939928,3345.43,191.915277777778
2020-09-09,1,1.00055555555556,18.55,27.8,18.539700166574,3363.98,192.915833333333
2020-10-01,1,1,23,37,23,3386.98,193.915833333333
2020-10-02,1,1.00055555555556,21,37,20.9883398112159,3407.98,194.916388888889
2020-10-03,1,1,22,35,22,3429.98,195.916388888889
2020-10-05,1,1,22,36,22,3451.98,196.916388888889
2020-10-07,1,1,20,30,20,3471.98,197.916388888889
2020-10-14,1,1,16,21,16,3487.98,198.916388888889
2020-10-15,1,1,21,37,21,3508.98,199.916388888889
2020-10-17,1,1,24,41,24,3532.98,200.916388888889
2020-10-18,1,2.155,45,62,20.8816705336427,3577.98,203.071388888889
2020-10-20,1,1.88444444444444,37,58,19.6344339622642,3614.98,204.955833333333
2020-10-22,1,2.34333333333333,40,62,17.0697012802276,3654.98,207.299166666667
2020-10-23,1,1,20,33,20,3674.98,208.299166666667
2020-10-27,1,2.935,52,60,17.717206132879,3726.98,211.234166666667
2020-10-28,1,1.54777777777778,33,69,21.3208901651112,3759.98,212.781944444444
2020-11-01,1,1,18,25,18,3777.98,213.781944444444
2020-11-02,1,3.41555555555556,63,65,18.445022771633,3840.98,217.1975
2021-01-22,1,0.666666666666667,10.68,22.9,16.02,3851.66,217.864166666667
2021-01-23,1,0.666666666666667,11.31,22.5,16.965,3862.97,218.530833333333
2021-01-24,1,0.666666666666667,13.33,39.3,19.995,3876.3,219.1975
2021-01-26,1,0.75,14.29,30.3,19.0533333333333,3890.59,219.9475
2021-01-28,1,0.75,14.26,29.6,19.0133333333333,3904.85,220.6975
2021-01-30,1,1.15777777777778,20.13,38,17.3867562380038,3924.98,221.855277777778
2021-01-31,1,0.75,14.77,30,19.6933333333333,3939.75,222.605277777778
2021-02-01,1,1,20.92,36.3,20.92,3960.67,223.605277777778
2021-02-02,1,1,20.87,38,20.87,3981.54,224.605277777778
2021-02-04,1,1,19.95,32.3,19.95,4001.49,225.605277777778
2021-02-06,1,1,20.84,34.9,20.84,4022.33,226.605277777778
2021-02-07,1,1,22.06,38.4,22.06,4044.39,227.605277777778
2021-02-08,1,1,20.85,33.6,20.85,4065.24,228.605277777778
2021-02-10,1,1,19.58,31.6,19.58,4084.82,229.605277777778
2021-02-11,1,1,21.25,31.9,21.25,4106.07,230.605277777778
2021-02-12,1,1,19.16,39.5,19.16,4125.23,231.605277777778
2021-02-15,1,1,20.41,32.4,20.41,4145.64,232.605277777778
2021-02-16,1,1,20.34,31,20.34,4165.98,233.605277777778
2021-02-17,1,0.5,10.7,36.3,21.4,4176.68,234.105277777778
2021-02-18,1,1,19.66,32.4,19.66,4196.34,235.105277777778
2021-02-20,1,1,20.78,34.8,20.78,4217.12,236.105277777778
2021-02-21,1,1,20.8,35.1,20.8,4237.92,237.105277777778
2021-02-22,1,1,20.58,30.3,20.58,4258.5,238.105277777778
2021-02-23,1,1.01444444444444,23.5,41.1,23.1653888280395,4282.0,239.119722222222
2021-02-24,1,1,18.75,34.3,18.75,4300.75,240.119722222222
2021-02-25,1,0.629722222222222,11.78,46.7,18.7066607851787,4312.53,240.749444444444
2021-02-26,1,1.19611111111111,24.86,52.5,20.7840222944728,4337.39,241.945555555555
2021-02-27,1,0.977777777777778,17.28,42.2,17.6727272727273,4354.67,242.923333333333
2021-04-10,1,1,19.42,30.1,19.42,4374.09,243.923333333333
2021-04-11,1,1,18.51,30.6,18.51,4392.6,244.923333333333
2021-04-12,2,1.60916666666667,62,57,38.5292594510615,62,1.60916666666667
2021-04-13,2,1.79,6.07,42.1,3.39106145251397,68.07,3.39916666666667
2021-04-16,1,0.678333333333333,12.47,50.1,18.3832923832924,4405.07,245.601666666667
2021-04-17,1,1,17.45,33.8,17.45,4422.52,246.601666666667
2021-04-19,1,0.858611111111111,16.18,44.8,18.8443869297962,4438.7,247.460277777778
2021-04-20,2,1.6175,37.2,50.4,22.9984544049459,105.27,5.01666666666667
2021-04-25,1,1,20.15,40,20.15,4458.85,248.460277777778
2021-04-26,1,1,19.39,31.2,19.39,4478.24,249.460277777778
2021-04-29,2,2.02333333333333,35.51,55.8,17.5502471169687,140.78,7.04
2021-04-30,1,1,20.54,33.3,20.54,4498.78,250.460277777778
2021-05-01,1,1,17.5,33,17.5,4516.28,251.460277777778
2021-05-02,1,1,19.91,33.9,19.91,4536.19,252.460277777778
2021-05-03,2,1.80916666666667,29.59,50.2,16.355596499309,170.37,8.84916666666667
2021-05-06,1,1,20.67,33.1,20.67,4556.86,253.460277777778
2021-05-08,1,1,21.7,33.7,21.7,4578.56,254.460277777778
2021-05-09,2,1,20,55.4,20,190.37,9.84916666666667
2021-05-10,1,2.62472222222222,40.89,51.1,15.5787914064981,4619.45,257.085
2021-05-11,2,0.947222222222222,17.61,52.1,18.5912023460411,207.98,10.7963888888889
2021-05-15,2,1.52833333333333,20.83,42.3,13.629225736096,228.81,12.3247222222222
2021-05-16,2,3.29861111111111,58,62.3,17.5831578947368,286.81,15.6233333333333
2021-05-17,1,1,19.69,33.8,19.69,4639.14,258.085
2021-05-18,1,1,18.89,30,18.89,4658.03,259.085
2021-05-19,1,1,20.97,31.8,20.97,4679.0,260.085
2021-05-22,1,1,20.48,32.4,20.48,4699.48,261.085
2021-05-23,2,1.29277777777778,22.89,47.7,17.7060593038246,309.7,16.9161111111111
2021-05-24,1,1,20.41,32.1,20.41,4719.89,262.085
2021-05-26,1,1,20.34,32.8,20.34,4740.23,263.085
2021-05-29,2,0.747777777777778,14.51,40.7,19.4041604754829,324.21,17.6638888888889
2021-05-30,1,1,21.21,45.2,21.21,4761.44,264.085
2021-05-31,2,1.58916666666667,23,41.9,14.4729942317776,347.21,19.2530555555556
2021-06-01,1,1,22.87,34.3,22.87,4784.31,265.085
2021-06-02,2,0.761666666666667,14.34,41.2,18.8271334792122,361.55,20.0147222222222
2021-06-06,2,0.641111111111111,10.55,53.9,16.4558058925477,372.1,20.6558333333333
2021-06-07,1,1.29416666666667,35.54,70.6,27.4616870573084,4819.85,266.379166666667
2021-06-08,1,0.700555555555556,13.98,49.6,19.9555908009516,4833.83,267.079722222222
2021-06-10,1,1.29333333333333,24.68,58.3,19.0824742268042,4858.51,268.373055555555
2021-06-13,2,1.44055555555556,28.4,57.2,19.7146162745854,400.5,22.0963888888889
2021-06-14,2,0.566666666666667,9.88,41.2,17.4352941176471,410.38,22.6630555555556
2021-06-15,1,1,21.22,32.6,21.22,4879.73,269.373055555555
2021-06-16,1,1,22.16,33.8,22.16,4901.89,270.373055555555
2021-06-18,1,1,22.77,39.5,22.77,4924.66,271.373055555555
2021-06-19,2,2.53361111111111,48.32,50.6,19.0715930270804,458.7,25.1966666666667
2021-06-28,2,0.949166666666667,16.27,41.9,17.1413520632133,474.97,26.1458333333333
2021-07-01,1,1,22.87,34.3,22.87,4947.53,272.373055555555
2021-07-02,2,0.761666666666667,14.34,41.2,18.8271334792122,489.31,26.9075
2021-07-06,2,0.641111111111111,10.55,53.9,16.4558058925477,499.86,27.5486111111111
2021-07-07,1,1.29416666666667,35.54,70.6,27.4616870573084,4983.07,273.667222222222
2021-07-08,1,0.700555555555556,13.98,49.6,19.9555908009516,4997.05,274.367777777778
2021-07-10,1,1.29333333333333,24.68,58.3,19.0824742268042,5021.73,275.661111111111
2021-07-13,2,1.44055555555556,28.4,57.2,19.7146162745854,528.26,28.9891666666667
2021-07-14,2,0.566666666666667,9.88,41.2,17.4352941176471,538.14,29.5558333333333
2021-07-15,1,1,21.22,32.6,21.22,5042.95,276.661111111111
2021-07-16,1,1,22.16,33.8,22.16,5065.11,277.661111111111
2021-07-18,1,1,22.77,39.5,22.77,5087.88,278.661111111111
2021-07-19,2,2.53361111111111,48.32,50.6,19.0715930270804,586.46,32.0894444444445
2021-07-28,2,0.949166666666667,16.27,41.9,17.1413520632133,602.73,33.0386111111111
2021-08-03,2,2.7075,43.63,66.9,16.1144967682364,646.36,35.7461111111111
2021-08-06,2,0.743333333333333,14.7,45.5,19.7757847533632,661.06,36.4894444444445
2021-08-07,2,0.679166666666667,13.41,52.8,19.7447852760736,674.47,37.1686111111111
2021-08-08,1,1,22.24,41,22.24,5110.12,279.661111111111
2021-08-09,2,0.797777777777778,16.73,41,20.9707520891365,691.2,37.9663888888889
2021-08-10,2,0.987222222222222,17.96,54.6,18.1924592009004,709.16,38.9536111111111
2021-08-14,2,0.299166666666667,5.27,44.7,17.6155988857939,714.43,39.2527777777778
2021-08-15,1,1.00083333333333,23.41,38,23.390507910075,5133.53,280.661944444444
2021-08-16,1,0.999722222222222,23.69,40.7,23.6965823839956,5157.22,281.661666666667
2021-08-17,2,1.2,21.95,45.1,18.2916666666667,736.38,40.4527777777778
2021-08-20,2,1.28083333333333,26.06,54.3,20.3461288223813,762.44,41.7336111111111
2021-08-21,1,2.26027777777778,39.73,63.4,17.5774855597886,5196.95,283.921944444444
2021-08-23,2,1.28222222222222,21.89,48.8,17.0719237435009,784.33,43.0158333333333
2021-08-24,1,1,22.85,34.3,22.85,5219.8,284.921944444444
2021-08-28,2,1.05277777777778,19.53,42.4,18.5509234828496,803.86,44.0686111111111
2021-09-04,1,1.00694444444444,18.57,42.4,18.4419310344828,5238.37,285.928888888889
2021-09-05,2,1.85166666666667,21.44,38.4,11.5787578757876,825.3,45.9202777777778
2021-09-06,2,1.45944444444444,22.49,42.6,15.4099733536354,847.79,47.3797222222222
2021-09-09,2,1.665,29.33,53.4,17.6156156156156,877.12,49.0447222222222
2021-09-10,2,0.411388888888889,7.04,53.4,17.1127616475354,884.16,49.4561111111111
2021-09-11,2,1.86194444444444,31.16,46.5,16.735193197076,915.32,51.3180555555555
2021-09-13,0,1.15083333333333,19.37,48.7,16.8312816799421,,
2021-09-15,2,0.595833333333333,10.81,40.7,18.1426573426574,926.13,51.9138888888889
2021-09-17,2,1.61805555555556,30,49,18.5407725321888,956.13,53.5319444444444
2021-09-18,1,1.09444444444444,25.44,52.2,23.2446700507615,5263.81,287.023333333333
2021-09-20,2,1.30694444444444,23.79,40.3,18.2027630180659,979.92,54.8388888888889
2021-09-21,2,1.18722222222222,20.38,50.5,17.1661207299954,1000.3,56.0261111111111
2021-09-22,2,1.23333333333333,24.88,51.7,20.172972972973,1025.18,57.2594444444444
2021-09-23,2,0.927777777777778,17.58,42.7,18.948502994012,1042.76,58.1872222222222
2021-09-24,2,1.04027777777778,17.4,49.8,16.7263017356475,1060.16,59.2275
2021-09-25,2,1.06666666666667,20.76,46.2,19.4624999999999,1080.92,60.2941666666666
2021-09-27,2,1.14,23.15,48.5,20.3070175438597,1104.07,61.4341666666666
2021-09-28,2,1.225,22.4,51.3,18.2857142857143,1126.47,62.6591666666666
2021-09-30,2,1.49444444444444,32,47.4,21.4126394052045,1158.47,64.1536111111111
2021-10-01,2,0.715555555555556,14.82,55.6,20.7111801242236,1173.29,64.8691666666666
2021-10-05,2,1.6775,31.35,54.7,18.6885245901639,1204.64,66.5466666666666
2021-10-07,2,1.53277777777778,27.77,49.9,18.1174338528452,1232.41,68.0794444444444
2021-10-08,2,0.755833333333333,15.23,55.2,20.1499448732084,1247.64,68.8352777777777
2021-10-09,2,1.27194444444444,24.12,55.1,18.9630923782486,1271.76,70.1072222222222
2021-10-15,2,0.666111111111111,14.89,50.6,22.3536280233528,1286.65,70.7733333333333
2021-10-19,2,1.44,26.95,50.3,18.7152777777778,1313.6,72.2133333333333
2021-10-20,2,0.707777777777778,15.1,47.5,21.3343799058085,1328.7,72.9211111111111
2021-10-21,2,1.78,27.59,41.5,15.5,1356.29,74.7011111111111
2021-10-22,2,0.731666666666667,14.71,53.4,20.1047835990888,1371.0,75.4327777777777
2021-10-25,2,1.08277777777778,21.39,40.7,19.7547460236018,1392.39,76.5155555555555
2021-10-26,2,2.25388888888889,23.24,50.3,10.3110672911018,1415.63,78.7694444444444
2021-10-27,2,3.42333333333333,64.61,52.5,18.873417721519,1480.24,82.1927777777777
2021-11-04,2,0.866666666666667,11.7,31,13.5,1491.94,83.0594444444444
2021-11-05,2,2.37416666666667,49,53.6,20.6388206388206,1540.94,85.4336111111111
2021-11-09,1,1.07,18.33,46.5,17.1308411214953,5282.14,288.093333333333
2021-11-10,2,0.72,13.77,49.7,19.125,1554.71,86.1536111111111
2021-11-12,2,1.14166666666667,23.37,56.8,20.4700729927007,1578.08,87.2952777777777
2021-11-17,2,1.20972222222222,26.5,54.3,21.9058553386912,1604.58,88.505
2021-11-24,2,1.25972222222222,23.58,44.5,18.7184123484014,1628.16,89.7647222222222
2021-11-25,1,0.791388888888889,17.24,47.2,21.7844857844858,5299.38,288.884722222222
2021-11-29,1,2.59444444444444,52.83,68.5,20.3627408993576,5352.21,291.479166666667
2021-11-30,1,0.455555555555556,11.64,45.7,25.5512195121951,5363.85,291.934722222222
2021-12-01,2,1.02333333333333,19.24,51,18.8013029315961,1647.4,90.7880555555555
2021-12-02,1,1.16277777777778,20.64,50.7,17.7505972288581,5384.49,293.0975
2021-12-07,2,1.56916666666667,28.53,50.4,18.1816250663834,1675.93,92.3572222222222
2021-12-08,2,2.20333333333333,38.68,49.4,17.5552193645991,1714.61,94.5605555555555
2021-12-13,2,1.90638888888889,39.77,53.8,20.8614308611394,1754.38,96.4669444444444
2021-12-14,2,0.639722222222222,10,50.6,15.6317846287451,1764.38,97.1066666666666
2021-12-16,2,0.692777777777778,10,41.3,14.4346431435445,1774.38,97.7994444444444
2021-12-20,2,1.5,31,50,20.6666666666667,1805.38,99.2994444444444
2021-12-21,2,0.856111111111111,15.64,52.5,18.2686567164179,1821.02,100.155555555556
2021-12-22,2,2.02111111111111,35.94,51.3,17.7822979659153,1856.96,102.176666666667
2021-12-26,2,0.548611111111111,10.27,49.2,18.72,1867.23,102.725277777778
2021-12-31,2,0.695555555555556,7.53,53.5,10.8258785942492,1874.76,103.420833333333
2022-01-12,2,1.21972222222222,26.96,47.7,22.1033933044865,1901.72,104.640555555556
2022-01-13,2,1.27694444444444,27.91,51.7,21.8568631716338,1929.63,105.9175
2022-01-17,1,1.35694444444444,29.65,50.7,21.8505629477995,5414.14,294.454444444444
2022-01-24,2,0.7575,15.23,52.3,20.1056105610561,1944.86,106.675
2022-01-26,1,0.457777777777778,6.81,36.7,14.876213592233,5420.95,294.912222222222
2022-01-27,2,1.23416666666667,23.41,49.1,18.9682646860229,1968.27,107.909166666667
2022-01-30,2,0.550555555555556,10.53,41.1,19.1261352169526,1978.8,108.459722222222
2022-01-31,2,2.21166666666667,39.62,53.5,17.9140919366993,2018.42,110.671388888889
2022-02-01,1,0.123888888888889,2.46,52.6,19.8565022421524,5423.41,295.036111111111
2022-02-02,2,0.687777777777778,14.92,49.5,21.6930533117932,2033.34,111.359166666667
2022-02-05,2,1.36944444444444,27.12,46.1,19.8036511156187,2060.46,112.728611111111
2022-02-08,2,2.57694444444444,39.51,39.2,15.3321116740326,2099.97,115.305555555556
2022-02-09,2,1.63361111111111,31.65,51.9,19.3742560788982,2131.62,116.939166666667
2022-02-10,2,1.28666666666667,20.52,44.9,15.9481865284974,2152.14,118.225833333333
2022-02-12,2,0.781388888888889,14.79,49.6,18.9278350515464,2166.93,119.007222222222
2022-02-14,1,1.54305555555556,25.63,57.2,16.609900990099,5449.04,296.579166666667
2022-02-16,1,1.58583333333333,31.49,45.8,19.8570677877037,5480.53,298.165
2022-02-20,1,1.035,22.84,52.4,22.0676328502415,5503.37,299.2
2022-02-23,2,2.74194444444444,50.02,52,18.2425286191875,2216.95,121.749166666667
2022-02-25,2,0.739166666666667,14.64,52.3,19.8060879368658,2231.59,122.488333333333
2022-03-01,2,1.90861111111111,31.36,43.2,16.4307960995488,2262.95,124.396944444444
2022-03-02,2,1.56777777777778,25.77,46,16.4372785258682,2288.72,125.964722222222
2022-03-07,2,1.51527777777778,27.44,54.9,18.1088909257562,2316.16,127.48
2022-03-09,2,0.903888888888889,15.16,46.4,16.7719729563614,2331.32,128.383888888889
2022-03-14,2,1.18166666666667,23.33,45,19.7433004231311,2354.65,129.565555555556
2022-03-16,2,1.545,26.4,42.8,17.0873786407767,2381.05,131.110555555555
2022-03-23,2,1.26111111111111,24.26,51.2,19.2370044052864,2405.31,132.371666666667
2022-03-25,2,1.2125,23.92,51.2,19.7278350515464,2429.23,133.584166666667
2022-03-29,2,1.34333333333333,24.96,48.5,18.5806451612904,2454.19,134.9275
2022-03-30,2,0.821666666666667,14.72,49.5,17.9148073022312,2468.91,135.749166666667
2022-04-06,1,1.05472222222222,23.01,57.3,21.8161706610482,5526.38,300.254722222222
2022-04-10,2,1.52305555555556,28.85,51.7,18.9421849352544,2497.76,137.272222222222
2022-04-11,1,0.424166666666667,6.62,40.8,15.607072691552,5533.0,300.678888888889
2022-04-12,1,1.63833333333333,41.54,56.4,25.35503560529,5574.54,302.317222222222
2022-04-13,1,0.793611111111111,20.42,58.2,25.7304865243262,5594.96,303.110833333333
2022-04-20,1,1.28138888888889,24.7,42.6,19.2759592456102,5619.66,304.392222222222
2022-04-27,2,1.60111111111111,27.92,49.5,17.4378903539209,2525.68,138.873333333333
2022-04-29,2,0.698333333333333,14.47,46.8,20.7207637231504,2540.15,139.571666666667
2022-05-04,2,0.710555555555556,14.6,41.1,20.5473025801407,2554.75,140.282222222222
2022-05-05,2,0.9475,15.97,46.3,16.8548812664908,2570.72,141.229722222222
2022-05-06,2,0.842777777777778,15.55,39.1,18.4508899143045,2586.27,142.0725
2022-05-10,2,1.685,34.13,50.4,20.2551928783383,2620.4,143.7575
2022-05-11,2,2.16833333333333,40.21,49.1,18.5441967717141,2660.61,145.925833333333
2022-05-20,2,1.35944444444444,28.09,43.4,20.6628524724153,2688.7,147.285277777778
2022-05-25,2,1.305,22.5,41.5,17.2413793103448,2711.2,148.590277777778
2022-06-08,1,1.20888888888889,28.55,57.7,23.6167279411764,5648.21,305.601111111111
2022-06-15,2,0.79,13.58,45.7,17.1898734177215,2724.78,149.380277777778
2022-06-22,2,0.786944444444444,13.77,45.7,17.4980585951288,2738.55,150.167222222222
2022-06-23,2,1.40305555555556,27.42,53.1,19.5430607800435,2765.97,151.570277777778
2022-06-24,2,1.32611111111111,22.9,56.9,17.2685379136992,2788.87,152.896388888889
2022-06-28,1,1.71361111111111,31.81,52.6,18.5631382720052,5680.02,307.314722222222
2022-06-29,1,0.799166666666667,17.02,43,21.2971845672575,5697.04,308.113888888889
2022-07-02,2,1.1675,22.23,55.4,19.0406852248394,2811.1,154.063888888889
2022-07-05,2,1.7275,36.72,49.2,21.2561505065123,2847.82,155.791388888889
2022-07-06,2,0.755833333333333,14,47.4,18.5226019845645,2861.82,156.547222222222
2022-07-07,2,0.828611111111111,17.45,62.1,21.0593362386859,2879.27,157.375833333333
2022-07-08,2,1.25666666666667,23.47,47.2,18.6763925729442,2902.74,158.6325
2022-07-11,1,1.05861111111111,24.77,63,23.3985830490685,5721.81,309.1725
2022-07-12,2,1.60472222222222,26.68,39.8,16.6259304137096,2929.42,160.237222222222
2022-07-13,2,0.716666666666667,13.54,44,18.8930232558139,2942.96,160.953888888889
2022-07-14,2,1.12305555555556,19.75,56.2,17.5859510264654,2962.71,162.076944444444
2022-07-21,1,1.58083333333333,43.79,46.7,27.7005798629415,5765.6,310.753333333333
2022-07-22,2,0.793611111111111,12.73,54.3,16.0406020301015,2975.44,162.870555555556
2022-07-25,2,1.05555555555556,17.8,51.3,16.8631578947368,2993.24,163.926111111111
2022-07-26,2,0.765555555555556,11.86,50.2,15.4920174165457,3005.1,164.691666666667
2022-07-27,2,2,40,45,20,3045.1,166.691666666667
2022-07-29,2,0.7475,14.39,53,19.2508361204013,3059.49,167.439166666667
2022-08-03,2,2.73611111111111,47.12,51.1,17.2215228426396,3106.61,170.175277777778
2022-08-04,2,1.69166666666667,31.54,55.1,18.6443349753694,3138.15,171.866944444444
2022-08-05,2,1.68972222222222,29.91,46.3,17.7011343087293,3168.06,173.556666666667
2022-08-10,2,0.699444444444444,14.49,53,20.7164416203336,3182.55,174.256111111111
2022-08-11,2,1.06,17.78,54.3,16.7735849056604,3200.33,175.316111111111
2022-08-12,1,0.701388888888889,14.49,44.7,20.6590099009901,5780.09,311.454722222222
2022-08-16,2,0.841666666666667,15.56,56,18.4871287128713,3215.89,176.157777777778
2022-08-17,2,0.946388888888889,15.09,39.4,15.9448194892868,3230.98,177.104166666667
2022-08-18,2,1.46222222222222,30.31,56.2,20.7287234042553,3261.29,178.566388888889
2022-08-19,2,1.47527777777778,26.31,51.3,17.8339295801167,3287.6,180.041666666667
2022-08-20,1,2.48583333333333,46.57,71.3,18.7341602413678,5826.66,313.940555555556
2022-08-22,1,1.94972222222222,47.69,53.1,24.4598945718764,5874.35,315.890277777778
2022-08-24,1,2.63722222222222,51.81,52.4,19.6456709500737,5926.16,318.5275
2022-08-25,2,0.5,9,35.6,18,3296.6,180.541666666667
2022-08-26,2,0.871388888888889,18.36,55.5,21.0698119222187,3314.96,181.413055555556
2022-08-29,2,0.666666666666667,13.19,56.4,19.785,3328.15,182.079722222222
2022-08-30,2,2.26361111111111,44.06,53.7,19.4644741686097,3372.21,184.343333333333
2022-08-31,2,1.12027777777778,18.03,49.3,16.09422266303,3390.24,185.463611111111
2022-09-01,1,1.76444444444444,30.17,45.3,17.0988664987406,5956.33,320.291944444444
2022-09-02,2,1.67916666666667,32,56.5,19.0570719602977,3422.24,187.142777777778
2022-09-06,2,1.07111111111111,24.45,55.2,22.8267634854772,3446.69,188.213888888889
2022-09-07,2,2.2,44.98,57.3,20.4454545454545,3491.67,190.413888888889
2022-09-08,2,1.02916666666667,18.8,55.5,18.2672064777327,3510.47,191.443055555556
2022-09-09,2,2.14861111111111,42.16,56.2,19.621978021978,3552.63,193.591666666667
2022-09-12,1,4.6575,94.41,69.9,20.2705314009662,6050.74,324.949444444444
2022-09-13,2,0.996666666666667,15.46,51.7,15.5117056856187,3568.09,194.588333333333
2022-09-14,2,0.873055555555556,16.28,38.8,18.6471524021635,3584.37,195.461388888889
2022-09-15,1,0.770555555555556,16.3,45.5,21.1535688536409,6067.04,325.72
2022-09-16,1,0.733888888888889,12.39,44.2,16.8826646479939,6079.43,326.453888888889
2022-09-21,1,0.758055555555556,14.91,47.5,19.6687431293514,6094.34,327.211944444444
2022-09-28,2,1.21333333333333,22.51,56.2,18.5521978021979,3606.88,196.674722222222
2022-09-30,2,0.912222222222222,18.24,48.1,19.9951278928136,3625.12,197.586944444444
2022-10-05,2,1.99444444444444,43.29,56,21.7052924791087,3668.41,199.581388888889
2022-10-12,2,1.30222222222222,24,55.4,18.4300341296929,3692.41,200.883611111111
2022-10-18,2,1.33083333333333,20.76,41.1,15.5992485911084,3713.17,202.214444444444
2022-10-19,2,0.965555555555556,16.19,42.5,16.7675489067894,3729.36,203.18
2022-10-25,1,1.09388888888889,24.82,51.8,22.6896901980701,6119.16,328.305833333333
2022-10-26,1,1.45416666666667,23.44,45.6,16.1191977077364,6142.6,329.76
2022-10-28,1,1.57888888888889,28.21,50.5,17.8669950738916,6170.81,331.338888888889
2022-10-29,1,0.822777777777778,20.95,54.6,25.4625253207292,6191.76,332.161666666667
2022-11-02,1,0.819444444444444,14.44,40.9,17.6216949152542,6206.2,332.981111111111
2022-11-04,1,1.26805555555556,25.09,50.4,19.7861993428258,6231.29,334.249166666667
2022-11-09,1,1.06722222222222,18.68,54.8,17.5033836543467,6249.97,335.316388888889
2022-11-10,1,1.01833333333333,17.28,46.5,16.9689034369886,6267.25,336.334722222222
2022-11-11,1,1.01388888888889,20.87,51.1,20.5841095890411,6288.12,337.348611111111
2022-11-16,1,6.205,116,64,18.6946011281225,6404.12,343.553611111111
2022-11-21,2,1.96722222222222,37.66,40.2,19.1437447048856,3767.02,205.147222222222
2022-11-24,2,2.46472222222222,43.53,54.6,17.6612194297307,3810.55,207.611944444444
2022-11-28,2,0.715277777777778,13.79,48.2,19.2792233009709,3824.34,208.327222222222
2022-11-29,2,1.25638888888889,21.94,53,17.4627459650674,3846.28,209.583611111111
2022-11-30,2,1.6,30,51.7,18.75,3876.28,211.183611111111
2022-12-02,2,1.84138888888889,32.77,63.4,17.7963493739629,3909.05,213.025
2022-12-06,2,1.20055555555556,20.04,53.1,16.6922720962517,3929.09,214.225555555556
2022-12-07,2,1.50722222222222,23.43,52.5,15.545152967195,3952.52,215.732777777778
2022-12-13,2,0.621666666666667,11.92,54.5,19.1742627345844,3964.44,216.354444444444
2022-12-14,2,0.909166666666667,16.83,50.7,18.5114573785518,3981.27,217.263611111111
2022-12-15,2,0.587777777777778,10.24,42.1,17.421550094518,3991.51,217.851388888889
2022-12-20,2,1.17416666666667,17.96,50.3,15.2959545777146,4009.47,219.025555555556
2022-12-21,2,0.977222222222222,17.72,51.9,18.1330301307561,4027.19,220.002777777778
2022-12-22,2,2.25555555555556,42.72,56,18.9399014778325,4069.91,222.258333333333
2023-01-16,2,1.11694444444444,19.72,44.5,17.6553096244716,4089.63,223.375277777778
2023-01-17,1,0.989166666666667,21,68.9,21.2299915754002,6425.12,344.542777777778
2023-01-18,2,0.539166666666667,9.64,48.4,17.8794435857805,4099.27,223.914444444444
2023-01-21,2,0.583055555555556,15.94,40.1,27.3387327298713,4115.21,224.4975
2023-01-23,1,1.03166666666667,24.43,40.6,23.6801292407107,6449.55,345.574444444444
2023-01-26,1,1.00194444444444,21.7,47.6,21.6578874410869,6471.25,346.576388888889
2023-01-27,2,1.00055555555556,19.56,48.1,19.5491393670182,4134.77,225.498055555556
2023-01-30,2,1.89277777777778,37.49,50.5,19.8068682125036,4172.26,227.390833333333
2023-02-01,1,1.65527777777778,33.25,62.6,20.0872629635845,6504.5,348.231666666667
2023-02-02,1,1.68333333333333,37.22,74.6,22.110891089109,6541.72,349.915
2023-02-03,2,1.10888888888889,20.55,47.1,18.5320641282565,4192.81,228.499722222222
2023-02-06,2,0.878055555555556,16.91,49,19.2584625118633,4209.72,229.377777777778
2023-02-08,2,0.903333333333333,17.08,47,18.9077490774908,4226.8,230.281111111111
2023-02-09,2,1.22777777777778,21.52,39,17.5276018099547,4248.32,231.508888888889
2023-02-10,2,0.789722222222222,14.56,47.4,18.4368624692227,4262.88,232.298611111111
2023-02-15,2,0.756944444444444,14.32,46.9,18.9181651376147,4277.2,233.055555555556
2023-02-16,2,1.43694444444444,27.54,45.8,19.1656678909724,4304.74,234.4925
2023-02-20,2,1.41611111111111,26.37,37.3,18.6214201647705,4331.11,235.908611111111
2023-02-21,2,1.05083333333333,17.03,47.9,16.2061855670104,4348.14,236.959444444445
2023-02-22,2,1.41694444444444,24.8,70.1,17.502450499902,4372.94,238.376388888889
2023-02-24,2,2.38083333333333,42.97,40,18.0483024151208,4415.91,240.757222222222
2023-02-25,1,1.69277777777778,30.23,52.1,17.8582212011815,6571.95,351.607777777778
2023-02-27,2,1.02416666666667,21.09,50.7,20.5923515052888,4437,241.781388888889
2023-03-01,2,0.839444444444444,15.7,40.4,18.7028457974851,4452.7,242.620833333333
2023-03-03,2,1.77083333333333,34.76,53.3,19.6291764705883,4487.46,244.391666666667
2023-03-08,2,1.83638888888889,32.59,45.5,17.7467856602632,4520.05,246.228055555556
2023-03-09,2,1.49111111111111,29.4,46.2,19.7168405365127,4549.45,247.719166666667
2023-03-10,2,0.75,14.33,50.5,19.1066666666667,4563.78,248.469166666667
2023-03-15,1,0.762222222222222,14.56,47.3,19.1020408163265,6586.51,352.37
2023-03-17,1,0.648611111111111,14.34,44.1,22.1087794432548,6600.85,353.018611111111
2023-03-22,1,1.5475,30.4,52.9,19.6445880452342,6631.25,354.566111111111
2023-03-23,1,2.3075,48.08,54.9,20.8364030335861,6679.33,356.873611111111
2023-03-24,1,2.2375,43.57,46.7,19.472625698324,6722.9,359.111111111111
2023-03-25,2,3.75,60,63,16,4623.78,252.219166666667
2023-03-27,1,1.47666666666667,35.58,58.1,24.0948081264108,6758.48,360.587777777778
2023-03-29,1,2.51527777777778,36.66,52.7,14.5749309773606,6795.14,363.103055555556
2023-04-04,1,0.778611111111111,14.62,45.4,18.7770246164823,6809.76,363.881666666667
2023-04-05,2,3.115,68.85,48,22.1027287319422,4692.63,255.334166666667
2023-04-08,2,0.617777777777778,11.19,37.7,18.113309352518,4703.82,255.951944444445
2023-04-09,1,5.87888888888889,118.3,66.3,20.1228501228501,6928.06,369.760555555556
2023-04-11,1,0.682777777777778,12.07,49.6,17.6777868185517,6940.13,370.443333333333
2023-04-12,1,1.41277777777778,28.26,53.2,20.0031458906803,6968.39,371.856111111111
2023-04-13,1,0.911666666666667,15.48,43.3,16.9798903107861,6983.87,372.767777777778
2023-04-14,2,2.28305555555556,31.82,45.4,13.9374619783428,4735.64,258.235
2023-04-16,1,1.20305555555556,24.1,47.6,20.0323250981297,7007.97,373.970833333333
2023-04-19,2,2.08416666666667,25.26,51.6,12.1199520191923,4760.9,260.319166666667
2023-04-23,1,4.55777777777778,86.7,67.6,19.0224280838615,7094.67,378.528611111111
2023-04-25,2,3,45,48.1,15,4805.9,263.319166666667
2023-04-27,2,1.60027777777778,16.3,62.8,10.1857316438118,4822.2,264.919444444444
2023-05-02,2,2.16888888888889,28.41,40.1,13.0988729508197,4850.61,267.088333333333
2023-05-03,1,1.07222222222222,21.91,57.5,20.4341968911918,7116.58,379.600833333333
2023-05-05,2,0.786666666666667,15.36,46.9,19.5254237288135,4865.97,267.875
2023-05-08,1,2.94,56.08,50.2,19.0748299319728,7172.66,382.540833333333
2023-05-09,2,2.22416666666667,38.91,48.9,17.4941925814912,4904.88,270.099166666667
2023-05-11,2,1.8525,29.06,52.7,15.6869095816464,4933.94,271.951666666667
2023-05-16,2,2.07555555555556,39.8,49.6,19.1755888650963,4973.74,274.027222222222
2023-05-17,1,2.51111111111111,47.4,47.4,18.8761061946903,7220.06,385.051944444445
2023-05-21,2,3.62722222222222,60,59.9,16.5415837034768,5033.74,277.654444444445
2023-05-26,1,0.895,13.25,33.8,14.804469273743,7233.31,385.946944444445
2023-05-29,2,2.19055555555556,37.44,50.7,17.0915546538169,5071.18,279.845
2023-05-30,2,1.13194444444444,20.71,46.7,18.2959509202455,5091.89,280.976944444445
2023-05-31,1,2.34527777777778,46.58,77.9,19.8611867819495,7279.89,388.292222222222
2023-06-01,2,2.25305555555556,41.57,49.2,18.4504993219085,5133.46,283.23
2023-06-04,1,2.68833333333333,68.29,68.2,25.4023558586485,7348.18,390.980555555556
2023-06-06,2,3.09861111111111,40.67,53.6,13.1252353204841,5174.13,286.328611111111
2023-06-07,2,2.075,37.16,47.1,17.9084337349398,5211.29,288.403611111111
2023-06-09,2,0.927222222222222,17.63,48.2,19.0137807070102,5228.92,289.330833333333
2023-06-14,2,2.09666666666667,38.45,55.2,18.3386327503974,5267.37,291.4275
2023-06-16,2,0.773888888888889,14.9,45.9,19.2534099066762,5282.27,292.201388888889
2023-06-20,1,2.20833333333333,47.43,80.3,21.4777358490566,7395.61,393.188888888889
2023-06-21,2,1.73222222222222,35.45,47.7,20.4650416933932,5317.72,293.933611111111
2023-06-22,1,2.38333333333333,49.34,66.3,20.7020979020979,7444.95,395.572222222222
2023-06-24,1,5.66777777777778,95.25,73,16.8055283277789,7540.2,401.24
2023-06-27,2,1.14888888888889,21.38,47.4,18.6092843326886,5339.1,295.0825
2023-06-28,1,2.53916666666667,49.59,75.1,19.5300295372497,7589.79,403.779166666667
2023-06-30,1,3.27361111111111,72.61,66.3,22.1803988120492,7662.4,407.052777777778
2023-07-01,1,5.20361111111111,104.35,64.4,20.053381732771,7766.75,412.256388888889
2023-07-05,2,3,35.38,40.5,11.7933333333333,5374.48,298.0825
2023-07-09,2,3.79,74.82,62,19.7414248021108,5449.3,301.8725
2023-07-11,2,2.26416666666667,37.67,16.6,16.6374677953625,5486.97,304.136666666667
2023-07-16,1,4.90972222222222,123.88,60,25.2315700141443,7890.63,417.166111111111
2023-07-17,2,1.66666666666667,27.6,45.9,16.56,5514.57,305.803333333333
2023-07-18,2,1.68805555555556,28,49.6,16.5871318084581,5542.57,307.491388888889
2023-07-19,1,2.13833333333333,37.64,64.3,17.6024941543258,7928.27,419.304444444445
2023-07-21,1,1.08333333333333,20.17,42.6,18.6184615384616,7948.44,420.387777777778
2023-07-23,1,4.85138888888889,112.3,73.6,23.1480103063269,8060.74,425.239166666667
2023-07-24,1,1.08,18.28,44.4,16.9259259259259,8079.02,426.319166666667
2023-07-26,2,2,34.09,40.1,17.045,5576.66,309.491388888889
2023-07-28,2,0.894444444444444,18.21,46.6,20.3590062111801,5594.87,310.385833333333
2023-07-30,1,1.50361111111111,28.61,52.7,19.0275263255127,8107.63,427.822777777778
2023-07-31,2,1.62222222222222,34.41,46.6,21.2116438356165,5629.28,312.008055555556
2023-08-01,2,2.33333333333333,40.08,54.7,17.1771428571429,5669.36,314.341388888889
2023-08-02,1,2.60277777777778,60.95,46.7,23.4172892209178,8168.58,430.425555555556
2023-08-03,2,3.46583333333333,57.17,53.6,16.4953113729262,5726.53,317.807222222222
2023-08-05,1,10.2655555555556,189.93,64.2,18.5016776707435,8358.51,440.691111111111
2023-08-15,1,1.16194444444444,19.17,55.9,16.4982070284485,8377.68,441.853055555556
2023-08-16,1,2.99638888888889,55.4,65.9,18.4889218503754,8433.08,444.849444444444
2023-08-25,1,1.96805555555556,37.66,45.6,19.1356386732533,8470.74,446.8175
2023-08-27,1,3.94027777777778,63.56,72.4,16.1308424391963,8534.3,450.757777777778
2023-08-29,2,2.69083333333333,48.79,47.3,18.131929389904,5775.32,320.498055555556
2023-08-30,1,2.65277777777778,54.32,72.3,20.4766492146597,8588.62,453.410555555556
2023-09-05,2,2.63,47.76,45.7,18.1596958174905,5823.08,323.128055555556
2023-09-12,2,0.883611111111111,15.74,44.3,17.813266268469,5838.82,324.011666666667
2023-09-13,2,2.73416666666667,53.08,48.2,19.4135934166412,5891.9,326.745833333333
2023-09-14,2,1.97833333333333,41.9,57.8,21.1794439764112,5933.8,328.724166666667
2023-09-20,2,1.93527777777778,38.24,50.2,19.7594373474953,5972.04,330.659444444445
2023-09-26,2,0.693055555555556,14.73,43.9,21.2537074148296,5986.77,331.3525
2023-09-27,1,2.69138888888889,55.17,65.2,20.4987098771803,8643.79,456.101944444444
2023-09-29,2,1.73805555555556,32.83,47.6,18.8889244046667,6019.6,333.090555555556
2023-10-04,2,0.6825,14.77,43.9,21.6410256410256,6034.37,333.773055555556
2023-10-08,2,1.22111111111111,24.27,63.4,19.8753412192903,6058.64,334.994166666667
2023-10-10,2,0.715833333333333,14.84,46.2,20.7310826542491,6073.48,335.71
2023-10-11,1,2.73916666666667,53.92,67.2,19.6848189838759,8697.71,458.841111111111
2023-10-13,2,0.759166666666667,14.78,48.5,19.4687156970362,6088.26,336.469166666667
2023-10-18,1,2.60194444444444,55,71.7,21.1380377922494,8752.71,461.443055555556
2023-10-25,2,2.24666666666667,47.82,48.1,21.2848664688427,6136.08,338.715833333333
2023-10-26,2,1.17861111111111,20.95,44.5,17.7751590855527,6157.03,339.894444444445
2023-11-01,2,2.05083333333333,39.79,44.8,19.4018691588785,6196.82,341.945277777778
2023-11-07,2,1.14888888888889,21.16,48.6,18.4177949709864,6217.98,343.094166666667
2023-11-08,2,1.19166666666667,18.02,51.7,15.1216783216783,6236.0,344.285833333333
2023-11-09,2,0.799166666666667,14.83,48.6,18.5568300312826,6250.83,345.085
2023-11-21,1,2.26083333333333,37.67,57.7,16.6619977884261,8790.38,463.703888888889
2023-11-24,1,1.74361111111111,34.57,59,19.8266687908237,8824.95,465.4475
2023-12-04,1,1.58361111111111,32.13,49.2,20.2890720926153,8857.07999999999,467.031111111111
2023-12-05,1,1.99555555555556,36.65,54.1,18.3658129175946,8893.72999999999,469.026666666667
2023-12-11,2,2.11861111111111,42.51,46.3,20.0650321227219,6293.34,347.203611111111
2023-12-13,1,0.755555555555556,12.95,41.7,17.1397058823529,8906.67999999999,469.782222222222
2023-12-14,2,2.08416666666667,32.08,48.1,15.3922431027589,6325.42,349.287777777778
2023-12-19,2,1.36916666666667,25.08,48.5,18.3177115033475,6350.5,350.656944444445
2023-12-20,2,1.20083333333333,24.75,47.8,20.6106870229008,6375.25,351.857777777778
2023-12-21,2,0.5,8.94,57.4,17.88,6384.19,352.357777777778
2024-01-10,1,1.65361111111111,26.4,62.5,15.9650596337981,8933.07999999999,471.435833333333
2024-01-12,2,1.12166666666667,21.59,53,19.2481426448736,6405.78,353.479444444445
2024-01-15,2,1.60138888888889,27.15,48.3,16.9540329575022,6432.93,355.080833333333
2024-01-16,2,1.075,17.97,52.9,16.7162790697674,6450.9,356.155833333333
2024-01-17,1,2.53666666666667,49.84,78.7,19.6478318002628,8982.91999999999,473.9725
2024-01-20,2,1.11972222222222,17.86,39.5,15.9503845199703,6468.76,357.275555555556
2024-01-29,1,1.43388888888889,30,56.4,20.9221232080589,9012.91999999999,475.406388888889
2024-01-31,1,2.51972222222222,48,70.1,19.0497188843568,9060.91999999999,477.926111111111
2024-02-05,1,1.33333333333333,29.33,51.8,21.9975000000001,9090.24999999999,479.259444444444
2024-02-07,1,1.08694444444444,24.44,46.6,18.8868115209702,9156.22,482.545277777778
2024-02-07,1,2.19888888888889,41.53,71.8,18.8868115209702,9156.22,482.545277777778
2024-02-19,1,1.98527777777778,40,64,20.1483139778928,9196.22,484.530555555556
2024-02-21,1,2.46194444444444,48.23,72.5,19.5902064763624,9244.45,486.9925
2024-02-23,1,0.577777777777778,16.07,55,27.8134615384615,9260.51999999999,487.570277777778
2024-03-04,2,1.5,25,45,16.6666666666667,6493.76,358.775555555556
2024-03-06,1,2.395,43.43,74.4,18.133611691023,9303.95,489.965277777778
2024-03-07,2,2.45611111111111,38.05,67,15.4919701425017,6531.81,361.231666666667
2024-03-12,1,1.09166666666667,26.74,56.6,24.4946564885495,9330.69,491.056944444444
2024-03-13,2,0.970555555555556,18.52,55.3,19.0818546078992,6550.33,362.202222222222
2024-03-15,2,2.79222222222222,60.65,66.8,21.7210505372065,6610.98,364.994444444445
2024-03-19,2,1.45722222222222,27.46,48.1,18.8440716736561,6638.44,366.451666666667
2024-04-02,1,1.25777777777778,23.51,55.2,18.6916961130742,9354.2,492.314722222222
2024-04-07,2,2.33333333333333,42,49,18.0,6680.44,368.785
2024-04-08,2,1.50416666666667,20.4,49,13.5623268698061,6700.84,370.289166666667
2024-04-09,2,1.71805555555556,24.76,68.8,14.4116410670978,6725.6,372.007222222222
2024-04-11,2,1.08055555555556,15.61,47.3,14.4462724935732,6741.21,373.087777777778
2024-04-17,1,3.27833333333333,66.13,70.6,20.1718352821556,9420.32999999999,495.593055555556
2024-04-18,1,0.996111111111111,14.7,42.8,14.7573898494144,9435.03,496.589166666667
2024-04-13,2,1.45277777777778,21.09,53,14.517017208413,6762.3,374.540555555556
2024-04-16,2,1.12527777777778,19.12,51.2,16.9913601579856,6781.42,375.665833333333
2024-04-20,2,0.4475,8.13,46.7,18.1675977653631,6789.55,376.113333333333
2024-04-21,2,5.84611111111111,71.7,78.87,12.2645633374513,6861.25,381.959444444445
2024-05-04,2,2,20,40,10,6881.25,383.959444444445
2024-05-14,2,1.33333333333333,15.6,49,11.7,6896.85,385.292777777778
2024-05-18,2,0.881388888888889,16.55,46.7,18.777182477151,6913.4,386.174166666667
2024-06-12,1,2.52055555555556,48.9,68.8,19.4004849019175,9483.92999999999,499.109722222222
2024-05-19,2,1.75,29.81,54.2,17.0342857142857,6943.21,387.924166666667
2024-05-24,2,0.408333333333333,11.79,51.5,28.8734693877551,6970.28,388.3325
2024-05-21,2,1.31666666666667,15.28,49.3,11.6050632911392,6958.49,389.240833333333
2024-05-28,2,1.56777777777778,16.39,57.1,10.454287739192,6986.67,391.216944444445
2024-05-31,2,1.8375,24.91,41.3,13.556462585034,7011.58,393.054444444445
2024-06-04,2,2.38638888888889,29.42,43.9,12.3282504947038,7041.0,395.440833333333
2024-06-08,2,0.610833333333333,10.19,45.4,16.6821282401091,7051.19,396.051666666667
2024-06-11,2,2.40777777777778,29.21,51.8,12.1315182279649,7080.4,398.459444444445
2024-06-13,1,0.993333333333333,18.8,40.6,18.9261744966443,9502.72999999999,500.103055555556
2024-07-03,2,0.571666666666667,9.11,58.7,15.935860058309,7089.51,399.031111111111
2024-07-06,2,1.06611111111111,21.6,45.8,20.2605523710266,7111.11,400.097222222222
2024-07-09,2,0.9125,16.49,49.1,18.0712328767123,7127.6,401.009722222222
2024-07-11,1,1.46833333333333,39.16,46.9,26.6696935300795,9541.88999999999,501.571388888889
2024-07-16,2,1.22111111111111,20.87,48.8,17.0909918107371,7148.47,402.230833333333
2024-07-17,1,2.51777777777778,48.83,73.4,19.3940864960282,9590.71999999999,504.089166666667
2024-07-23,2,0.790277777777778,15,43.7,18.9806678383128,7163.47,403.021111111111
2024-08-02,2,1.35361111111111,24.67,50,18.2253232095219,7188.14,404.374722222222
2024-08-15,2,1.80583333333333,30.85,49.1,17.0835256114444,7218.99,406.180555555556
2024-08-16,2,0.817777777777778,14.81,49.9,18.1100543478261,7233.8,406.998333333333
2024-08-20,2,1.79583333333333,35.73,19.9,19.8960556844548,7269.53,408.794166666667
2024-08-22,2,0.708888888888889,14.68,46.1,20.7084639498433,7284.21,409.503055555556
2024-08-23,2,1.11444444444444,25.13,48.9,22.5493519441676,7309.34,410.6175
2024-08-25,2,1.16833333333333,22.19,53.2,20.3261740080087,7347.04,412.548888888889
2024-08-25,2,0.763055555555556,15.51,55.4,20.3261740080087,7347.04,412.548888888889
2024-08-26,2,1.13472222222222,22.25,70.4,19.608323133415,7369.29,413.683611111111
2024-08-27,2,0.852777777777778,15.41,49.4,18.0703583061889,7384.7,414.536388888889
2024-08-28,1,2.41833333333333,47.92,67.9,19.8152997932461,9638.63999999999,506.5075
2024-08-30,1,1.46972222222222,26.94,46.6,18.3299943299944,9665.57999999999,507.977222222222
2024-09-03,2,0.688888888888889,14.58,50.3,21.1645161290323,7399.28,415.225277777778
2024-09-04,1,2.92666666666667,51.28,72.4,17.5216400911162,9716.86,510.903888888889
2024-09-09,2,1.72166666666667,28.25,57.7,16.4085188770571,7427.53,416.946944444445
2024-09-11,2,1.65166666666667,31.11,45.8,20.6349059868497,9766.55,513.311944444445
2024-09-11,1,2.40805555555556,49.69,76.8,20.6349059868497,9766.55,513.311944444445
2024-09-13,1,1.72333333333333,39,66.7,22.6305609284333,9805.55,515.035277777778
2024-09-16,2,0.750555555555556,13.87,67.3,18.479644707624,7472.51,419.349166666667
2024-09-18,1,2.34833333333333,48.97,71.4,20.8530872959546,9854.51999999999,517.383611111111
2024-09-20,1,0.811388888888889,15.68,40.8,19.324888736734,9870.2,518.195
2024-09-24,2,2.10472222222222,39.91,47.3,18.9621222119573,7512.42,421.453888888889
2024-10-03,2,0.923333333333333,16.37,49.1,17.7292418772563,7528.79,422.377222222222
2024-10-06,2,6.33916666666667,74.46,58.2,11.7460233995005,7603.25,428.716388888889
2024-10-15,2,0.806666666666667,15.31,43.2,18.9793388429752,7618.56,429.523055555556
2024-10-16,2,1.92222222222222,37.2,54.9,19.3526011560694,7655.76,431.445277777778
2024-10-02,1,1.63888888888889,46.71,47.2,28.5010169491525,9916.90999999999,519.833888888889
2024-10-22,1,0.838888888888889,15.13,44.1,18.035761589404,9932.03999999999,520.672777777778
2024-10-24,1,1.05,25.71,52.7,24.4857142857143,9957.74999999999,521.722777777778
2024-10-21,2,0.878888888888889,14.75,47.4,16.7825537294564,7670.51,432.324166666667
2024-11-02,2,0.543333333333333,10.54,45.8,19.398773006135,7681.05,432.8675
2024-11-05,2,1.44694444444444,24.7,65.4,17.0704549817624,7705.75,434.314444444445
2024-11-25,1,0.754444444444445,15.48,39.8,20.5184094256259,9973.22999999999,522.477222222222
2024-11-26,1,1.08861111111111,23.61,55,21.6881857616739,9996.83999999999,523.565833333333
2024-11-30,1,2.07805555555556,42.05,50.9,20.235262665419,10038.89,525.643888888889
2024-12-03,1,0.964722222222222,19.74,49.9,20.4618485459257,10058.63,526.608611111111
2024-12-04,1,1.52861111111111,29.9,54.6,19.5602398691623,10088.53,528.137222222222
2024-12-05,1,2.33027777777778,47.12,54.7,20.220765287877,10135.65,530.4675
2024-12-11,1,1.12888888888889,19.57,47.9,17.3356299212598,10155.22,531.596388888889
2024-12-13,1,1.53777777777778,27.02,47,17.5708092485549,10182.24,533.134166666667
2024-12-18,1,1.25,22.73,44.7,18.184,10204.97,534.384166666667
2024-12-23,1,1.63638888888889,29.77,48.7,18.1924970293668,10234.74,536.020555555556
2025-01-07,1,1.151944,23.14,49.1,20.0877820449605,10257.88,537.172499555556
2025-01-08,1,1.69,31.6,55.1,28.9156626506024,10295.48,540.107499555556
2025-01-10,1,1.33083333333333,23,55.3,17.2824045084534,10312.48,540.193332888889
2025-01-14,1,0.593611111111111,13,69.7,21.8998596162845,10325.48,540.786944
2025-01-21,1,0.302777777777778,4.86,35.6,16.051376146789,10330.34,541.089721777778
2025-02-02,1,0.450555555555556,11.14,47.2,24.7250308261406,10341.48,541.540277333333
2025-02-02,2,1.17222222222222,24.47,51.6,20.8748815165877,7730.22,435.486666666667
2025-02-03,2,0.6325,10.76,54,17.0118577075099,7740.98,436.119166666667
